130764,47.96027,11.317404,Europe,Germany,1/1/2009,H5N1 HPAI,wild,duck,39,1,1,0,0
129875,26.73518,88.34655,Asia,India,1/1/2009,H5N1 HPAI,domestic,unspecified bird,30985,217,87,0,0
129882,26.5,88.12,Asia,India,1/2/2009,H5N1 HPAI,domestic,unspecified bird,9757,210,130,0,0
130265,36.6833333,116.9833333,Asia,China,1/5/2009,H5N1 HPAI,,,0,0,0,1,1
130266,37.75,111.4166667,Asia,China,1/7/2009,H5N1 HPAI,,,0,0,0,1,0
130267,27.55583,109.99763,Asia,China,1/8/2009,H5N1 HPAI,,,0,0,0,1,1
129970,26.48,87.85,Asia,Nepal,1/8/2009,H5N1 HPAI,domestic,unspecified bird,13000,14,14,0,0
171221,-6.863998,107.616626,Asia,Indonesia,1/9/2009,H5N1 HPAI,,,0,0,0,1,1
133992,23.793808,90.360621,Asia,Bangladesh,1/9/2009,H5N1 HPAI,domestic,unspecified bird,5341,112,112,0,0
129925,30.4531307,31.0431461,Africa,Egypt,1/9/2009,H5N1 HPAI,domestic,"chicken,duck",0,34,0,0,0
130299,43.78266,87.58651,Asia,China,1/10/2009,H5N1 HPAI,,,0,0,0,1,1
130690,21.2558956,107.3785248,Asia,Vietnam,1/11/2009,H5N1 HPAI,,,0,0,0,1,1
171222,-6.863998,107.616626,Asia,Indonesia,1/13/2009,H5N1 HPAI,,,0,0,0,1,1
133993,25.823906,89.69521,Asia,Bangladesh,1/13/2009,H5N1 HPAI,domestic,unspecified bird,736,11,11,0,0
129930,30.05162,31.10605,Africa,Egypt,1/13/2009,H5N1 HPAI,domestic,"chicken,duck",0,0,0,1,0
133994,22.045059,91.916431,Asia,Bangladesh,1/14/2009,H5N1 HPAI,domestic,unspecified bird,1800,80,80,0,0
130300,26.54349,106.7611,Asia,China,1/15/2009,H5N1 HPAI,,,0,0,0,1,0
171223,-7.766097,112.27735,Asia,Indonesia,1/16/2009,H5N1 HPAI,,,0,0,0,1,1
129968,27.18,88.21,Asia,India,1/17/2009,H5N1 HPAI,domestic,unspecified bird,86,9,8,0,0
130301,22.71032,110.35217,Asia,China,1/19/2009,H5N1 HPAI,,,0,0,0,1,1
171224,-6.863998,107.616626,Asia,Indonesia,1/20/2009,H5N1 HPAI,,,0,0,0,1,0
130351,27.7905157,110.6322126,Asia,China,1/23/2009,H5N1 HPAI,,,0,0,0,1,0
130286,30.5586111,31.01,Africa,Egypt,1/23/2009,H5N1 HPAI,,,0,0,0,1,0
171225,-6.229624,106.846141,Asia,Indonesia,1/24/2009,H5N1 HPAI,,,0,0,0,1,1
150205,21.410917,107.509898,Asia,Vietnam,1/26/2009,H5N1 HPAI,domestic,"unspecified bird,chicken,duck",230,155,132,0,0
133995,22.532927,91.909205,Asia,Bangladesh,1/27/2009,H5N1 HPAI,domestic,unspecified bird,1200,35,35,0,0
133996,26.115033,89.697142,Asia,Bangladesh,1/28/2009,H5N1 HPAI,domestic,unspecified bird,595,5,5,0,0
146553,9.161624,105.052764,Asia,Vietnam,1/29/2009,H5N1 HPAI,domestic,duck,580,192,192,0,0
130558,22.28606,113.89975,Asia,"Hong Kong, SAR",1/29/2009,H5N1 HPAI,domestic,chicken,0,1,1,0,0
130359,22.28606,113.89975,Asia,"Hong Kong, SAR",1/29/2009,H5N1 HPAI,domestic,"duck,goose",0,2,2,0,0
130348,26.07,89.28,Asia,India,1/29/2009,H5N1 HPAI,domestic,unspecified bird,4200,50,50,0,0
130283,26.2566833,89.1463165,Asia,India,1/29/2009,H5N1 HPAI,domestic,unspecified bird,2540,60,60,0,0
130715,21.0493,102.3025,Asia,Lao PDR,1/30/2009,H5N1 HPAI,domestic,unspecified bird,3314,730,730,0,0
130560,22.28606,113.89975,Asia,"Hong Kong, SAR",1/31/2009,H5N1 HPAI,domestic,duck,0,1,1,0,0
130559,22.28606,113.89975,Asia,"Hong Kong, SAR",1/31/2009,H5N1 HPAI,domestic,duck,0,1,1,0,0
130383,37.11,79.36,Asia,China,2/1/2009,H5N1 HPAI,domestic,unspecified bird,13737,1330,519,0,0
130669,22.2833333,114.0333333,Asia,"Hong Kong, SAR",2/2/2009,H5N1 HPAI,wild,unspecified bird,0,1,1,0,0
130563,22.5028,114.05618,Asia,"Hong Kong, SAR",2/2/2009,H5N1 HPAI,wild,grey heron,0,1,1,0,0
130389,29.6357365,32.5065193,Africa,Egypt,2/2/2009,H5N1 HPAI,,,0,0,0,1,0
130360,22.25666,113.88985,Asia,"Hong Kong, SAR",2/2/2009,H5N1 HPAI,domestic,"chicken,duck",0,2,2,0,0
146766,18.856832,105.362332,Asia,Vietnam,2/3/2009,H5N1 HPAI,domestic,duck,500,164,164,0,0
146639,9.485841,106.079534,Asia,Vietnam,2/3/2009,H5N1 HPAI,domestic,duck,682,527,489,0,0
146582,9.320149,105.204088,Asia,Vietnam,2/3/2009,H5N1 HPAI,domestic,duck,950,300,25,0,0
130400,22.35042,114.0855,Asia,"Hong Kong, SAR",2/3/2009,H5N1 HPAI,domestic,duck,0,1,1,0,0
130399,22.4,113.9833333,Asia,"Hong Kong, SAR",2/3/2009,H5N1 HPAI,domestic,chicken,0,1,1,0,0
130398,22.3666667,114.0833333,Asia,"Hong Kong, SAR",2/3/2009,H5N1 HPAI,wild,peregrine falcon,0,1,1,0,0
130396,22.26442,113.9651,Asia,"Hong Kong, SAR",2/3/2009,H5N1 HPAI,wild,crow,0,1,1,0,0
130361,31.0270634,32.0510521,Africa,Egypt,2/3/2009,H5N1 HPAI,domestic,"chicken,duck,goose",0,177,0,0,0
130562,22.2636,113.9651,Asia,"Hong Kong, SAR",2/4/2009,H5N1 HPAI,domestic,chicken,0,1,1,0,0
146746,16.884586,107.193842,Asia,Vietnam,2/5/2009,H5N1 HPAI,domestic,duck,1000,250,180,0,0
131063,29.81428,31.29319,Africa,Egypt,2/5/2009,H5N1 HPAI,domestic,chicken,0,40,0,0,0
130666,20.039267,106.090514,Asia,Vietnam,2/5/2009,H5N1 HPAI,,,0,0,0,1,1
130411,29.3040199,30.505909,Africa,Egypt,2/5/2009,H5N1 HPAI,domestic,"chicken,duck,goose",0,56,0,0,0
130410,31.1103134,30.340374,Africa,Egypt,2/5/2009,H5N1 HPAI,domestic,"chicken,duck",0,12,0,0,0
130409,29.81428,31.29319,Africa,Egypt,2/5/2009,H5N1 HPAI,domestic,chicken,0,2,0,0,0
171226,-6.405869,106.064306,Asia,Indonesia,2/6/2009,H5N1 HPAI,,,0,0,0,1,1
146551,9.147541,104.999402,Asia,Vietnam,2/6/2009,H5N1 HPAI,domestic,duck,2107,189,189,0,0
133997,23.642046,90.544014,Asia,Bangladesh,2/6/2009,H5N1 HPAI,domestic,unspecified bird,1500,661,661,0,0
130390,28.6486111,30.8402778,Africa,Egypt,2/6/2009,H5N1 HPAI,,,0,0,0,1,0
150190,9.74841,105.503772,Asia,Vietnam,2/7/2009,H5N1 HPAI,domestic,duck,400,400,120,0,0
150184,9.520204,105.579635,Asia,Vietnam,2/7/2009,H5N1 HPAI,domestic,unspecified bird,539,327,231,0,0
146832,21.002453,107.1385,Asia,Vietnam,2/8/2009,H5N1 HPAI,domestic,duck,1820,387,290,0,0
146708,10.208202,105.378467,Asia,Vietnam,2/8/2009,H5N1 HPAI,domestic,duck,230,189,126,0,0
146665,9.752725,105.531149,Asia,Vietnam,2/8/2009,H5N1 HPAI,domestic,duck,389,210,123,0,0
150188,9.67264,105.459706,Asia,Vietnam,2/9/2009,H5N1 HPAI,domestic,unspecified bird,500,210,180,0,0
146771,20.016699,106.098751,Asia,Vietnam,2/9/2009,H5N1 HPAI,domestic,"duck,chicken,muscovy ducks",73,17,17,0,0
146712,10.280882,105.454996,Asia,Vietnam,2/9/2009,H5N1 HPAI,domestic,unspecified bird,158,129,98,0,0
146710,10.223021,105.318108,Asia,Vietnam,2/9/2009,H5N1 HPAI,domestic,unspecified bird,350,231,120,0,0
130548,27.18333,31.16666,Africa,Egypt,2/9/2009,H5N1 HPAI,domestic,chicken,0,2,0,0,0
130547,30.4531307,31.0431461,Africa,Egypt,2/9/2009,H5N1 HPAI,domestic,"chicken,duck,goose",0,57,0,0,0
130549,30.8283653,31.0795479,Africa,Egypt,2/10/2009,H5N1 HPAI,domestic,"chicken,duck",0,86,0,0,0
130551,29.270586,30.6117611,Africa,Egypt,2/11/2009,H5N1 HPAI,domestic,"chicken,duck",0,7,0,0,0
146627,9.408364,104.962928,Asia,Vietnam,2/12/2009,H5N1 HPAI,domestic,"unspecified bird,duck,muscovy ducks",50,37,37,0,0
146560,9.231236,105.185187,Asia,Vietnam,2/12/2009,H5N1 HPAI,domestic,"chicken,duck",796,110,10,0,0
150186,9.57501,105.570274,Asia,Vietnam,2/13/2009,H5N1 HPAI,domestic,unspecified bird,500,200,50,0,0
146563,9.261237,105.117808,Asia,Vietnam,2/13/2009,H5N1 HPAI,domestic,"chicken,duck",736,129,89,0,0
171227,-6.863998,107.616626,Asia,Indonesia,2/14/2009,H5N1 HPAI,,,0,0,0,1,1
150171,8.818044,104.834611,Asia,Vietnam,2/14/2009,H5N1 HPAI,domestic,unspecified bird,53,33,33,0,0
130668,22.69488,87.67501,Asia,India,2/14/2009,H5N1 HPAI,domestic,unspecified bird,1500,35,35,0,0
133998,23.83558,90.026345,Asia,Bangladesh,2/15/2009,H5N1 HPAI,domestic,unspecified bird,1200,164,164,0,0
146634,9.4319,105.511624,Asia,Vietnam,2/16/2009,H5N1 HPAI,domestic,duck,607,30,30,0,0
133999,23.793808,90.360621,Asia,Bangladesh,2/16/2009,H5N1 HPAI,domestic,unspecified bird,3,3,3,0,0
146833,21.002453,107.1385,Asia,Vietnam,2/17/2009,H5N1 HPAI,domestic,chicken,13,9,4,0,0
134000,23.83558,90.026345,Asia,Bangladesh,2/17/2009,H5N1 HPAI,domestic,unspecified bird,1450,268,268,0,0
130702,26.48,87.85,Asia,Nepal,2/17/2009,H5N1 HPAI,domestic,unspecified bird,3021,150,150,0,0
171229,-6.863998,107.616626,Asia,Indonesia,2/18/2009,H5N1 HPAI,,,0,0,0,1,1
171228,-6.863998,107.616626,Asia,Indonesia,2/18/2009,H5N1 HPAI,,,0,0,0,1,1
146902,21.38097,102.956528,Asia,Vietnam,2/18/2009,H5N1 HPAI,domestic,unspecified bird,1460,319,210,0,0
146728,12.278323,109.170108,Asia,Vietnam,2/18/2009,H5N1 HPAI,domestic,"duck,chicken,muscovy ducks",31,27,27,0,0
134001,23.957072,89.801006,Asia,Bangladesh,2/18/2009,H5N1 HPAI,domestic,unspecified bird,500,40,40,0,0
130714,30.08611,31.18555,Africa,Egypt,2/19/2009,H5N1 HPAI,domestic,"chicken,duck,goose",0,16,0,0,0
130713,30.88,31.21222,Africa,Egypt,2/19/2009,H5N1 HPAI,domestic,"chicken,duck",0,10,0,0,0
150174,9.568836,105.607496,Asia,Vietnam,2/20/2009,H5N1 HPAI,domestic,unspecified bird,600,450,310,0,0
134002,26.078858,88.465868,Asia,Bangladesh,2/22/2009,H5N1 HPAI,domestic,unspecified bird,560,18,18,0,0
150191,9.836814,105.792726,Asia,Vietnam,2/23/2009,H5N1 HPAI,domestic,unspecified bird,660,230,150,0,0
150179,20.981326,106.92249,Asia,Vietnam,2/23/2009,H5N1 HPAI,domestic,unspecified bird,140,80,70,0,0
146635,9.439361,105.61735,Asia,Vietnam,2/23/2009,H5N1 HPAI,domestic,duck,700,310,221,0,0
134003,22.216984,91.863974,Asia,Bangladesh,2/23/2009,H5N1 HPAI,domestic,unspecified bird,3000,708,708,0,0
171230,-6.229624,106.846141,Asia,Indonesia,2/25/2009,H5N1 HPAI,,,0,0,0,1,1
130724,29.3040199,30.505909,Africa,Egypt,2/25/2009,H5N1 HPAI,,,0,0,0,1,0
146562,9.23808,105.461539,Asia,Vietnam,2/26/2009,H5N1 HPAI,domestic,unspecified bird,33,33,33,0,0
146546,9.11198,104.890706,Asia,Vietnam,2/26/2009,H5N1 HPAI,domestic,unspecified bird,625,120,89,0,0
134004,25.394808,89.429274,Asia,Bangladesh,2/27/2009,H5N1 HPAI,domestic,unspecified bird,200,12,12,0,0
130741,22.9707489,32.2185593,Africa,Egypt,2/27/2009,H5N1 HPAI,domestic,"chicken,duck",0,6,0,0,0
130740,22.9707489,32.2185593,Africa,Egypt,2/27/2009,H5N1 HPAI,domestic,chicken,0,4,0,0,0
150202,9.61886,105.777264,Asia,Vietnam,2/28/2009,H5N1 HPAI,domestic,unspecified bird,214,150,126,0,0
130739,22.9707489,32.2185593,Africa,Egypt,2/28/2009,H5N1 HPAI,domestic,"chicken,duck",0,22,0,0,0
130738,31.1103134,30.340374,Africa,Egypt,3/1/2009,H5N1 HPAI,domestic,"chicken,duck,goose",0,77,0,0,0
130737,31.1103134,30.340374,Africa,Egypt,3/1/2009,H5N1 HPAI,domestic,chicken,0,2,0,0,0
130736,29.6357365,32.5065193,Africa,Egypt,3/2/2009,H5N1 HPAI,domestic,chicken,0,15,0,0,0
134005,24.678324,90.798893,Asia,Bangladesh,3/3/2009,H5N1 HPAI,domestic,unspecified bird,1750,155,155,0,0
130770,22.283333,114.033333,Asia,"Hong Kong, SAR",3/3/2009,H5N1 HPAI,domestic,chicken,0,2,0,0,0
130749,31.1606255,29.9149265,Africa,Egypt,3/3/2009,H5N1 HPAI,,,0,0,0,1,0
134006,25.394808,89.429274,Asia,Bangladesh,3/4/2009,H5N1 HPAI,domestic,unspecified bird,471,18,18,0,0
130774,31.1103134,30.340374,Africa,Egypt,3/6/2009,H5N1 HPAI,domestic,chicken,0,20,0,0,0
130773,30.4531307,31.0431461,Africa,Egypt,3/6/2009,H5N1 HPAI,,,0,0,0,1,0
146912,21.52919,108.0226,Asia,Vietnam,3/8/2009,H5N1 HPAI,domestic,chicken,20,13,9,0,0
134007,23.901025,90.288385,Asia,Bangladesh,3/8/2009,H5N1 HPAI,domestic,unspecified bird,1050,72,72,0,0
130998,26.891367,88.35495,Asia,India,3/8/2009,H5N1 HPAI,domestic,unspecified bird,1100,4,4,0,0
171231,0.707978,101.580735,Asia,Indonesia,3/9/2009,H5N1 HPAI,,,0,0,0,1,1
146881,21.336706,102.976324,Asia,Vietnam,3/9/2009,H5N1 HPAI,domestic,duck,250,125,75,0,0
130815,28.1437874,30.3612823,Africa,Egypt,3/10/2009,H5N1 HPAI,domestic,unspecified bird,0,8,0,0,0
134008,22.532927,91.909205,Asia,Bangladesh,3/11/2009,H5N1 HPAI,domestic,unspecified bird,965,40,40,0,0
130817,30.7911111,30.9980556,Africa,Egypt,3/11/2009,H5N1 HPAI,domestic,chicken,0,8,0,0,0
130816,27.1971741,31.1905727,Africa,Egypt,3/11/2009,H5N1 HPAI,domestic,unspecified bird,0,45,0,0,0
131383,10.224895,105.809685,Asia,Vietnam,3/12/2009,H5N1 HPAI,,,0,0,0,1,1
130820,30.324482,31.2487984,Africa,Egypt,3/12/2009,H5N1 HPAI,domestic,chicken,0,520,0,0,0
134009,24.363957,88.610614,Asia,Bangladesh,3/13/2009,H5N1 HPAI,domestic,unspecified bird,110,3,3,0,0
146905,21.40895,102.95391,Asia,Vietnam,3/14/2009,H5N1 HPAI,domestic,"chicken,muscovy ducks",316,113,113,0,0
134010,23.429979,91.191022,Asia,Bangladesh,3/14/2009,H5N1 HPAI,domestic,unspecified bird,5553,68,68,0,0
131036,27.1971741,31.1905727,Africa,Egypt,3/14/2009,H5N1 HPAI,,,0,0,0,1,0
131080,31.1103134,30.340374,Africa,Egypt,3/16/2009,H5N1 HPAI,domestic,unspecified bird,0,38,0,0,0
131073,-7.0219784,107.5968781,Asia,Indonesia,3/16/2009,H5N1 HPAI,domestic,chicken,0,20,20,0,0
131156,25.27,88.1,Asia,India,3/17/2009,H5N1 HPAI,domestic,unspecified bird,363,363,363,0,0
131078,30.8283653,31.0795479,Africa,Egypt,3/17/2009,H5N1 HPAI,domestic,unspecified bird,0,42,0,0,0
146908,21.457267,102.964924,Asia,Vietnam,3/18/2009,H5N1 HPAI,domestic,"chicken,duck",1200,818,713,0,0
131079,30.9128,30.2906,Africa,Egypt,3/18/2009,H5N1 HPAI,domestic,unspecified bird,0,53,0,0,0
131077,30.7911111,30.9980556,Africa,Egypt,3/18/2009,H5N1 HPAI,domestic,unspecified bird,0,53,0,0,0
171232,-6.229624,106.846141,Asia,Indonesia,3/21/2009,H5N1 HPAI,,,0,0,0,1,1
131382,30.324482,31.2487984,Africa,Egypt,3/22/2009,H5N1 HPAI,,,0,0,0,1,1
131147,26.1704,32.7238,Africa,Egypt,3/23/2009,H5N1 HPAI,,,0,0,0,1,0
134011,22.357274,90.218714,Asia,Bangladesh,3/24/2009,H5N1 HPAI,domestic,unspecified bird,1290,23,23,0,0
131369,25.671028,32.706583,Africa,Egypt,3/24/2009,H5N1 HPAI,domestic,chicken,0,25,0,0,0
134012,25.645178,88.549611,Asia,Bangladesh,3/26/2009,H5N1 HPAI,domestic,unspecified bird,356,60,60,0,0
131381,31.1103134,30.340374,Africa,Egypt,3/27/2009,H5N1 HPAI,,,0,0,0,1,0
131368,31.4378567,30.8586903,Africa,Egypt,3/27/2009,H5N1 HPAI,domestic,chicken,0,12,0,0,0
134014,23.678968,90.59783,Asia,Bangladesh,3/28/2009,H5N1 HPAI,domestic,unspecified bird,6255,90,90,0,0
134013,22.392148,91.825306,Asia,Bangladesh,3/28/2009,H5N1 HPAI,domestic,unspecified bird,2500,225,225,0,0
134016,25.78418,89.036455,Asia,Bangladesh,3/29/2009,H5N1 HPAI,domestic,unspecified bird,500,32,32,0,0
134015,25.158292,89.371056,Asia,Bangladesh,3/29/2009,H5N1 HPAI,domestic,unspecified bird,149,3,3,0,0
212302,31.1103134,30.340374,Africa,Egypt,3/31/2009,H5N1 HPAI,,,0,0,0,1,0
131187,28.1018454,30.721899,Africa,Egypt,3/31/2009,H5N1 HPAI,domestic,unspecified bird,0,26,0,0,0
131186,29.8,31.23333,Africa,Egypt,3/31/2009,H5N1 HPAI,domestic,unspecified bird,0,77,0,0,0
131185,29.8167,31.05,Africa,Egypt,3/31/2009,H5N1 HPAI,domestic,unspecified bird,0,46,0,0,0
131183,31.17453,29.8864,Africa,Egypt,3/31/2009,H5N1 HPAI,domestic,unspecified bird,0,42,0,0,0
131182,31.202,30.03328,Africa,Egypt,3/31/2009,H5N1 HPAI,domestic,unspecified bird,0,42,0,0,0
134017,25.121308,89.56674,Asia,Bangladesh,4/2/2009,H5N1 HPAI,domestic,unspecified bird,200,148,148,0,0
134018,23.957439,90.650307,Asia,Bangladesh,4/3/2009,H5N1 HPAI,domestic,unspecified bird,1635,70,70,0,0
131195,31.4378567,30.8586903,Africa,Egypt,4/3/2009,H5N1 HPAI,domestic,chicken,0,4,0,0,0
132145,30.0810909,31.565897,Africa,Egypt,4/6/2009,H5N1 HPAI,,,0,0,0,1,1
171233,-7.873252,110.413375,Asia,Indonesia,4/7/2009,H5N1 HPAI,,,0,0,0,1,1
132144,31.4378567,30.8586903,Africa,Egypt,4/7/2009,H5N1 HPAI,,,0,0,0,1,1
131400,28.988245,30.7535591,Africa,Egypt,4/7/2009,H5N1 HPAI,domestic,unspecified bird,0,34,0,0,0
171023,21.70293,105.8095,Asia,Vietnam,4/8/2009,H5N1 HPAI,domestic,"chicken,duck,muscovy ducks",282,8,0,0,0
131399,29.98346,32.55542,Africa,Egypt,4/10/2009,H5N1 HPAI,domestic,chicken,0,12,0,0,0
132143,23.901025,90.288385,Asia,Bangladesh,4/11/2009,H5N1 HPAI,domestic,chicken,2500,154,154,0,0
132149,37.11,79.36,Asia,China,4/12/2009,H5N1 HPAI,domestic,chicken,3179,1500,1500,0,0
132153,30.00388,31.15416,Africa,Egypt,4/14/2009,H5N1 HPAI,domestic,unspecified bird,0,25,0,0,0
132152,31.26222,30.92083,Africa,Egypt,4/14/2009,H5N1 HPAI,domestic,chicken,0,70,0,0,0
132146,31.4378567,30.8586903,Africa,Egypt,4/15/2009,H5N1 HPAI,,,0,0,0,1,0
132392,20.486355,104.965358,Asia,Vietnam,4/16/2009,H5N1 HPAI,,,0,0,0,1,1
132150,30.63222,31.93666,Africa,Egypt,4/16/2009,H5N1 HPAI,domestic,chicken,0,3500,0,0,0
132158,26.4933167,31.866087,Africa,Egypt,4/18/2009,H5N1 HPAI,,,0,0,0,1,0
132154,30.65416,30.98777,Africa,Egypt,4/18/2009,H5N1 HPAI,domestic,chicken,0,17,0,0,0
132147,31.09638,30.7925,Africa,Egypt,4/19/2009,H5N1 HPAI,domestic,chicken,0,30,0,0,0
132178,15.2435627,108.8342285,Asia,Vietnam,4/20/2009,H5N1 HPAI,domestic,unspecified bird,2500,180,160,0,0
132391,30.7911111,30.9980556,Africa,Egypt,4/21/2009,H5N1 HPAI,,,0,0,0,1,0
132176,25.68333,32.65,Africa,Egypt,4/21/2009,H5N1 HPAI,domestic,chicken,0,8,0,0,0
132173,29.970633,30.891497,Africa,Egypt,4/23/2009,H5N1 HPAI,domestic,"chicken,duck",0,11,0,0,0
132172,30.915,30.99639,Africa,Egypt,4/23/2009,H5N1 HPAI,domestic,"chicken,duck",0,42,0,0,0
132171,30.51083,31.27833,Africa,Egypt,4/23/2009,H5N1 HPAI,domestic,chicken,0,4000,0,0,0
132177,20.3686695,104.6887589,Asia,Lao PDR,4/24/2009,H5N1 HPAI,domestic,unspecified bird,0,80,64,0,0
132179,22.4,113.9666667,Asia,"Hong Kong, SAR",4/27/2009,H5N1 HPAI,wild,pigeon,0,1,1,0,0
132175,30.51083,30.99806,Africa,Egypt,4/28/2009,H5N1 HPAI,domestic,"chicken,duck",0,40,0,0,0
132174,28.57,30.825,Africa,Egypt,4/28/2009,H5N1 HPAI,domestic,duck,0,2,0,0,0
171025,21.70293,105.8095,Asia,Vietnam,4/29/2009,H5N1 HPAI,domestic,chicken,11000,14,0,0,0
132609,30.8283653,31.0795479,Africa,Egypt,4/29/2009,H5N1 HPAI,domestic,chicken,0,40,0,0,0
132187,25.61667,32.56667,Africa,Egypt,5/2/2009,H5N1 HPAI,domestic,chicken,0,29,0,0,0
132404,31.075,31.20056,Africa,Egypt,5/6/2009,H5N1 HPAI,domestic,duck,0,9,0,0,0
132544,26.4933167,31.866087,Africa,Egypt,5/7/2009,H5N1 HPAI,,,0,0,0,1,0
132407,31.16833,30.86444,Africa,Egypt,5/7/2009,H5N1 HPAI,domestic,duck,0,4,0,0,0
132406,30.424933,30.617138,Africa,Egypt,5/7/2009,H5N1 HPAI,domestic,chicken,0,23,0,0,0
132405,30.53194,31.25167,Africa,Egypt,5/7/2009,H5N1 HPAI,domestic,chicken,0,5000,0,0,0
132543,36.2810308,100.6135479,Asia,China,5/8/2009,H5N1 HPAI,wild,"bar-headed goose,great crested grebe,brown-headed gull",0,121,121,0,0
132409,29.825055,31.237321,Africa,Egypt,5/8/2009,H5N1 HPAI,domestic,chicken,0,10000,0,0,0
132550,31.1693077,31.6939354,Africa,Egypt,5/9/2009,H5N1 HPAI,,,0,0,0,1,0
132400,21.484252,92.085211,Asia,Bangladesh,5/9/2009,H5N1 HPAI,domestic,chicken,2000,180,180,0,0
132548,31.0270634,32.0510521,Africa,Egypt,5/10/2009,H5N1 HPAI,,,0,0,0,1,0
132413,10.449608,105.778284,Asia,Vietnam,5/10/2009,H5N1 HPAI,domestic,unspecified bird,142,49,49,0,0
132408,30.53194,31.25167,Africa,Egypt,5/10/2009,H5N1 HPAI,domestic,chicken,0,4000,0,0,0
132410,30.214808,31.122211,Africa,Egypt,5/11/2009,H5N1 HPAI,domestic,duck,0,1000,0,0,0
132570,26.49332,31.86609,Africa,Egypt,5/12/2009,H5N1 HPAI,domestic,"duck,chicken",0,51,0,0,0
132549,30.8283653,31.0795479,Africa,Egypt,5/12/2009,H5N1 HPAI,,,0,0,0,1,0
132540,30.792576,29.780677,Africa,Egypt,5/12/2009,H5N1 HPAI,domestic,chicken,0,100000,0,0,0
132403,26.82944,31.7,Africa,Egypt,5/12/2009,H5N1 HPAI,domestic,unspecified bird,0,51,0,0,0
132402,29.825055,31.237321,Africa,Egypt,5/12/2009,H5N1 HPAI,domestic,chicken,0,15000,0,0,0
132401,31.01667,31.1333,Africa,Egypt,5/12/2009,H5N1 HPAI,domestic,duck,0,5,0,0,0
132541,30.32448,31.2488,Africa,Egypt,5/13/2009,H5N1 HPAI,domestic,chicken,0,10000,0,0,0
171234,-6.229624,106.846141,Asia,Indonesia,5/14/2009,H5N1 HPAI,,,0,0,0,1,1
132414,10.097662,105.932251,Asia,Vietnam,5/14/2009,H5N1 HPAI,domestic,unspecified bird,1100,280,230,0,0
132571,30.85,31.7,Africa,Egypt,5/15/2009,H5N1 HPAI,domestic,"chicken,duck",0,10,0,0,0
173952,25.45723,33.31216,Africa,Egypt,5/17/2009,H5N1 HPAI,,,0,0,0,1,1
132552,26.4933167,31.866087,Africa,Egypt,5/17/2009,H5N1 HPAI,,,0,0,0,1,0
171235,-6.229624,106.846141,Asia,Indonesia,5/18/2009,H5N1 HPAI,,,0,0,0,1,1
132572,30.44722,31.23139,Africa,Egypt,5/18/2009,H5N1 HPAI,domestic,chicken,0,4000,0,0,0
132574,26.51667,31.76667,Africa,Egypt,5/20/2009,H5N1 HPAI,domestic,"chicken,duck",0,22,0,0,0
132562,25.4,88.13,Asia,India,5/20/2009,H5N1 HPAI,domestic,unspecified bird,0,20,20,0,0
132575,29.991164,31.147486,Africa,Egypt,5/21/2009,H5N1 HPAI,domestic,"chicken,duck",0,41,30,0,0
132563,47.5886,102.6401,Asia,Mongolia,5/22/2009,H5N1 HPAI,wild,whooper swan,0,9,9,0,0
132586,31.0270634,32.0510521,Africa,Egypt,5/23/2009,H5N1 HPAI,,,0,0,0,1,0
132585,31.0270634,32.0510521,Africa,Egypt,5/24/2009,H5N1 HPAI,,,0,0,0,1,0
132583,31.1693077,31.6939354,Africa,Egypt,5/25/2009,H5N1 HPAI,,,0,0,0,1,0
171236,-6.229624,106.846141,Asia,Indonesia,5/26/2009,H5N1 HPAI,,,0,0,0,1,1
132581,30.324482,31.2487984,Africa,Egypt,5/26/2009,H5N1 HPAI,domestic,chicken,0,6000,0,0,0
132590,36.6,99.16,Asia,China,5/27/2009,H5N1 HPAI,wild,"unspecified bird,bar-headed goose,great crested grebe,brown-headed gull",0,162,162,0,0
132582,30.324482,31.2487984,Africa,Egypt,5/28/2009,H5N1 HPAI,domestic,chicken,0,4000,0,0,0
132584,31.4378567,30.8586903,Africa,Egypt,5/30/2009,H5N1 HPAI,,,0,0,0,1,0
176179,31.343396,31.681092,Africa,Egypt,6/1/2009,H5N1 HPAI,,,0,0,0,1,0
132598,30.771506,31.102173,Africa,Egypt,6/2/2009,H5N1 HPAI,domestic,duck,0,7,0,0,0
132593,30.38694,31.26111,Africa,Egypt,6/2/2009,H5N1 HPAI,domestic,chicken,0,5000,0,0,0
132592,30.360758,31.371089,Africa,Egypt,6/2/2009,H5N1 HPAI,domestic,chicken,0,400,0,0,0
158994,31.048825,31.528706,Africa,Egypt,6/5/2009,H5N1 HPAI,,,0,0,0,1,0
132946,30.491,31.2,Africa,Egypt,6/6/2009,H5N1 HPAI,domestic,chicken,0,6000,0,0,0
132596,30.32448,31.2488,Africa,Egypt,6/6/2009,H5N1 HPAI,domestic,chicken,0,6000,0,0,0
132597,30.949152,31.577861,Africa,Egypt,6/7/2009,H5N1 HPAI,domestic,"chicken,duck",0,23,0,0,0
171237,-6.229624,106.846141,Asia,Indonesia,6/8/2009,H5N1 HPAI,,,0,0,0,1,1
132599,31.12056,31.68,Africa,Egypt,6/8/2009,H5N1 HPAI,domestic,"chicken,duck",0,88,0,0,0
132945,30.511,31.278,Africa,Egypt,6/9/2009,H5N1 HPAI,domestic,chicken,0,3000,0,0,0
171238,-6.229624,106.846141,Asia,Indonesia,6/12/2009,H5N1 HPAI,,,0,0,0,1,1
158995,31.305598,30.899873,Africa,Egypt,6/15/2009,H5N1 HPAI,,,0,0,0,1,0
132922,30.97611,31.61194,Africa,Egypt,6/15/2009,H5N1 HPAI,domestic,"duck,goose,turkey",0,184,0,0,0
132923,25.66667,32.63333,Africa,Egypt,6/16/2009,H5N1 HPAI,domestic,chicken,0,27,0,0,0
132944,30.126,32.482,Africa,Egypt,6/18/2009,H5N1 HPAI,domestic,chicken,0,18,0,0,0
132916,20.879525,106.8425455,Asia,Vietnam,6/18/2009,H5N1 HPAI,domestic,"duck,muscovy ducks,chicken",1830,504,0,0,0
132921,22.2833,91.9667,Asia,Bangladesh,6/21/2009,H5N1 HPAI,domestic,chicken,969,50,50,0,0
132927,31.11031,30.34037,Africa,Egypt,6/24/2009,H5N1 HPAI,domestic,unspecified bird,0,20,0,0,0
132929,31.33472,30.40306,Africa,Egypt,6/26/2009,H5N1 HPAI,domestic,duck,0,20,0,0,0
133266,30.01556,31.20222,Africa,Egypt,6/30/2009,H5N1 HPAI,domestic,chicken,0,13,0,0,0
133265,30.94583,31.56083,Africa,Egypt,7/5/2009,H5N1 HPAI,domestic,"unspecified bird,chicken,duck",0,8,0,0,0
133267,31.13579,32.42464,Africa,Egypt,7/6/2009,H5N1 HPAI,domestic,"unspecified bird,chicken,duck",0,62,0,0,0
133013,26.874,31.421,Africa,Egypt,7/8/2009,H5N1 HPAI,domestic,chicken,0,15,0,0,0
133012,30.511,31.278,Africa,Egypt,7/8/2009,H5N1 HPAI,domestic,chicken,0,8000,0,0,0
133015,29.414,30.758,Africa,Egypt,7/15/2009,H5N1 HPAI,domestic,"unspecified bird,duck,goose",0,10,0,0,0
133215,31.4378567,30.8586903,Africa,Egypt,7/24/2009,H5N1 HPAI,,,0,0,0,1,0
133214,30.44722,31.23139,Africa,Egypt,7/24/2009,H5N1 HPAI,domestic,chicken,0,5000,0,0,0
133225,30.971,31.593,Africa,Egypt,7/28/2009,H5N1 HPAI,domestic,"unspecified bird,chicken,duck",0,60,0,0,0
133224,30.5546,31.0089,Africa,Egypt,7/31/2009,H5N1 HPAI,,,0,0,0,1,0
133245,49.0213,101.1138,Asia,Mongolia,8/1/2009,H5N1 HPAI,wild,"bar-headed goose,crow,duck,unspecified bird,duck,grey heron,gull,kite,swan",0,171,171,0,0
133226,29.426,30.821,Africa,Egypt,8/4/2009,H5N1 HPAI,domestic,"unspecified bird,chicken,duck",0,82,0,0,0
133254,30.44,31.138,Africa,Egypt,8/5/2009,H5N1 HPAI,domestic,duck,0,2000,0,0,0
133287,31.081,30.85,Africa,Egypt,8/17/2009,H5N1 HPAI,domestic,chicken,0,2400,0,0,0
133288,30.391,31.344,Africa,Egypt,8/18/2009,H5N1 HPAI,domestic,duck,0,10,0,0,0
133277,31.2777,31.7014,Africa,Egypt,8/21/2009,H5N1 HPAI,,,0,0,0,1,0
133280,30.4531307,31.0431461,Africa,Egypt,8/23/2009,H5N1 HPAI,,,0,0,0,1,0
133289,30.942,31.653,Africa,Egypt,8/27/2009,H5N1 HPAI,domestic,chicken,0,35,0,0,0
133290,31.03889,30.50111,Africa,Egypt,8/28/2009,H5N1 HPAI,domestic,"unspecified bird,chicken,duck",0,12,0,0,0
133286,22.342862,91.794695,Asia,Bangladesh,8/29/2009,H5N1 HPAI,domestic,chicken,4000,53,53,0,0
133609,31.1606255,29.9149265,Africa,Egypt,9/13/2009,H5N1 HPAI,,,0,0,0,1,0
133612,31.136,32.425,Africa,Egypt,9/15/2009,H5N1 HPAI,domestic,"unspecified bird,duck,chicken",0,68,0,0,0
133610,30.367,31.35,Africa,Egypt,9/16/2009,H5N1 HPAI,domestic,"unspecified bird,duck,goose",0,9,0,0,0
133611,30.921,31.623,Africa,Egypt,9/17/2009,H5N1 HPAI,domestic,"unspecified bird,duck,chicken",0,90,0,0,0
171239,-7.766097,112.27735,Asia,Indonesia,9/18/2009,H5N1 HPAI,,,0,0,0,1,1
133616,31.1103134,30.340374,Africa,Egypt,9/23/2009,H5N1 HPAI,,,0,0,0,1,0
171240,-6.229624,106.846141,Asia,Indonesia,9/24/2009,H5N1 HPAI,,,0,0,0,1,0
133653,30.80667,31.20528,Africa,Egypt,9/24/2009,H5N1 HPAI,domestic,"unspecified bird,duck,goose",0,8,8,0,0
133654,30.92083,31.62278,Africa,Egypt,9/25/2009,H5N1 HPAI,domestic,"unspecified bird,duck,chicken",0,60,60,0,0
133655,30.9147,31.54387,Africa,Egypt,9/27/2009,H5N1 HPAI,domestic,"unspecified bird,duck,chicken",0,29,29,0,0
133656,30.85944,31.39997,Africa,Egypt,9/28/2009,H5N1 HPAI,domestic,chicken,0,130,130,0,0
133682,31.1693077,31.6939354,Africa,Egypt,10/11/2009,H5N1 HPAI,domestic,"unspecified bird,duck,goose",0,17,17,0,0
133683,30.72917,31.29639,Africa,Egypt,10/13/2009,H5N1 HPAI,domestic,"unspecified bird,duck,chicken,turkey",0,7,7,0,0
134190,29.3927,30.9066,Africa,Egypt,10/19/2009,H5N1 HPAI,domestic,"unspecified bird,chicken,duck,turkey",0,12,0,0,0
134338,21.3007471,102.9775913,Asia,Vietnam,10/21/2009,H5N1 HPAI,domestic,unspecified bird,2283,451,327,0,0
134191,29.26,30.59,Africa,Egypt,10/21/2009,H5N1 HPAI,domestic,chicken,0,2700,0,0,0
134335,29.442,30.832,Africa,Egypt,10/27/2009,H5N1 HPAI,domestic,"unspecified bird,duck,chicken",0,9,0,0,0
134337,30.417,30.85,Africa,Egypt,10/29/2009,H5N1 HPAI,domestic,"unspecified bird,duck,chicken",0,4,0,0,0
134336,29.442,30.832,Africa,Egypt,10/29/2009,H5N1 HPAI,domestic,"unspecified bird,duck,chicken",0,90,0,0,0
134333,29.396,30.632,Africa,Egypt,10/29/2009,H5N1 HPAI,domestic,"unspecified bird,chicken,duck",0,91,0,0,0
134334,31.089,31.562,Africa,Egypt,11/2/2009,H5N1 HPAI,domestic,chicken,0,16,0,0,0
134361,31.1693077,31.6939354,Africa,Egypt,11/5/2009,H5N1 HPAI,domestic,"unspecified bird,chicken,duck",0,36,0,0,0
146317,30.267,31,Africa,Egypt,11/8/2009,H5N1 HPAI,domestic,"chicken,unspecified bird,goose,duck",0,36,0,0,0
134363,28.101845,30.721899,Africa,Egypt,11/8/2009,H5N1 HPAI,domestic,"chicken,duck,goose,unspecified bird",0,37,0,0,0
146109,31.1606255,29.9149265,Africa,Egypt,11/11/2009,H5N1 HPAI,,,0,0,0,1,0
146320,30.949,31.578,Africa,Egypt,11/17/2009,H5N1 HPAI,domestic,"chicken,unspecified bird,goose,duck",0,37,0,0,0
146319,31.048,31.34,Africa,Egypt,11/17/2009,H5N1 HPAI,domestic,"chicken,unspecified bird,duck",0,32,0,0,0
146290,28.1437874,30.3612823,Africa,Egypt,11/21/2009,H5N1 HPAI,,,0,0,0,1,0
146322,29.279,30.731,Africa,Egypt,11/23/2009,H5N1 HPAI,domestic,"chicken,unspecified bird,duck",0,28,0,0,0
146321,29.45,30.756,Africa,Egypt,11/23/2009,H5N1 HPAI,domestic,"chicken,unspecified bird",0,40,0,0,0
146323,29.299,30.71,Africa,Egypt,11/24/2009,H5N1 HPAI,domestic,"chicken,unspecified bird,duck",0,22,0,0,0
146324,30.324,31.249,Africa,Egypt,11/25/2009,H5N1 HPAI,domestic,"chicken,unspecified bird",0,8000,0,0,0
146292,9.3201495,105.2040885,Asia,Vietnam,11/25/2009,H5N1 HPAI,domestic,duck,350,184,178,0,0
146301,21.27,103.02,Asia,Vietnam,11/30/2009,H5N1 HPAI,,,0,0,0,1,1
146325,29.117,30.93,Africa,Egypt,12/1/2009,H5N1 HPAI,domestic,"chicken,unspecified bird,duck",0,78,0,0,0
171241,-6.229624,106.846141,Asia,Indonesia,12/3/2009,H5N1 HPAI,,,0,0,0,1,1
146509,22.8837585,105.878624,Asia,Vietnam,12/7/2009,H5N1 HPAI,domestic,"chicken,duck,unspecified bird",53,53,27,0,0
146498,28.535,30.662,Africa,Egypt,12/9/2009,H5N1 HPAI,domestic,chicken,0,20,0,0,0
146497,28.508,30.741,Africa,Egypt,12/9/2009,H5N1 HPAI,domestic,"chicken,duck,unspecified bird",0,30,0,0,0
146490,21.609,105.558,Asia,Vietnam,12/9/2009,H5N1 HPAI,domestic,duck,900,350,310,0,0
151286,-2.7667,114.2333,Asia,Indonesia,12/11/2009,H5N1 HPAI,domestic,chicken,54,36,36,0,0
146492,11.729147,105.8135147,Asia,Cambodia,12/11/2009,H5N1 HPAI,,,0,0,0,1,0
151579,22.7156236,105.9828685,Asia,Vietnam,12/12/2009,H5N1 HPAI,domestic,"duck,chicken,unspecified bird",0,55,55,0,0
146495,30.25,31.067,Africa,Egypt,12/12/2009,H5N1 HPAI,domestic,chicken,0,10,0,0,0
146491,21.688,105.508,Asia,Vietnam,12/12/2009,H5N1 HPAI,domestic,duck,152,95,65,0,0
146505,30.77922,30.99607,Africa,Egypt,12/15/2009,H5N1 HPAI,,,0,0,0,1,0
146506,11.78,105.89,Asia,Cambodia,12/16/2009,H5N1 HPAI,domestic,"chicken,unspecified bird,duck",2432,143,143,0,0
146508,30.126,32.482,Africa,Egypt,12/18/2009,H5N1 HPAI,domestic,duck,0,100,0,0,0
151034,30.926,30.882,Africa,Egypt,12/21/2009,H5N1 HPAI,domestic,"duck,chicken,unspecified bird",0,30,0,0,0
151013,30.4531307,31.0431461,Africa,Egypt,12/23/2009,H5N1 HPAI,domestic,chicken,0,42,0,0,0
151012,29.3040199,30.505909,Africa,Egypt,12/23/2009,H5N1 HPAI,domestic,"chicken,duck,unspecified bird",0,35,0,0,0
151011,30.324482,31.2487984,Africa,Egypt,12/23/2009,H5N1 HPAI,domestic,"chicken,duck,unspecified bird",0,66,0,0,0
153864,-3.016666,114.35,Asia,Indonesia,12/27/2009,H5N1 HPAI,domestic,chicken,2500,700,700,0,0
151029,30.742,31.275,Africa,Egypt,12/27/2009,H5N1 HPAI,domestic,"chicken,duck,unspecified bird",0,22,0,0,0
151031,30.928,30.183,Africa,Egypt,12/28/2009,H5N1 HPAI,domestic,"duck,chicken,turkey,unspecified bird",0,91,0,0,0
151293,-3.3333,114.5833,Asia,Indonesia,12/29/2009,H5N1 HPAI,domestic,chicken,0,15,15,0,0
151030,30.933,31.649,Africa,Egypt,12/29/2009,H5N1 HPAI,domestic,"chicken,duck,unspecified bird",0,35,0,0,0
151014,22.50499,114.173739,Asia,"Hong Kong, SAR",12/29/2009,H5N1 HPAI,wild,magpie,0,1,1,0,0
151035,30.955,31.645,Africa,Egypt,12/30/2009,H5N1 HPAI,domestic,"chicken,duck,unspecified bird",0,23,0,0,0
